{"lastDeploymentHandler":"com.amazonaws.lambda.rds.LambdaFunctionHandler","lastInvokeHandler":"com.amazonaws.lambda.rds.LambdaFunctionHandler","handlerMetadata":{"com.amazonaws.lambda.rds.LambdaFunctionHandler":{"deployment":{"regionId":"ap-south-1","awsLambdaFunctionName":"DBConnector","awsIamRoleName":"DBConnector-role-fr06896q","awsS3BucketName":"my-first-bucket-fsk","memory":0,"timeout":0},"invoke":{"selectJsonFile":false,"invokeJsonFile":"\\Connect RDS\\src\\main\\resources\\test.json","selectJsonInput":true,"invokeInput":"{\r\n  \"username\": \"fsk\",\r\n  \"password\": \"14003352\",\r\n  \"dbname\": \"fskTest\",\r\n  \"query\": \"select LastName from persons\"\r\n}","showLiveLog":true}}},"lastInvokedHandlerDeployed":true}